text,label
Is there a payment plan available for overdue balances?,Dues & Payment
air conditioning in common area 911 is not cooling properly.,Maintenance Request
I believe I was double charged for unit 674 this month.,Dues & Payment
My neighbor at unit 217 is parking in a handicap spot without a permit.,Rule Violation Report
Who do I contact for after-hours emergencies?,General Inquiry
fence along property line 396 has fallen over.,Maintenance Request
i believe i was double charged for unit 763 this month.,Dues & Payment
I feel the recent rule change was not communicated properly.,Complaint / Dispute
I haven't received my invoice for this quarter yet.,Dues & Payment
The elevator in block 611 is making a loud noise.,Maintenance Request
Air conditioning in common area 636 is not cooling properly.,Maintenance Request
COMMERCIAL VEHICLE PARKED IN RESIDENTIAL SPOT NEAR UNIT 650.,Rule Violation Report
i want to schedule the pool area for a private event.,Amenity Booking
The street light outside unit 432 has been out for a week.,Maintenance Request
Please reserve the gym for a group fitness session on Friday.,Amenity Booking
PLEASE CONFIRM MY ACCOUNT BALANCE FOR UNIT 775.,Dues & Payment
please reserve the gym for a group fitness session on friday.,Amenity Booking
i was unfairly charged a late fee for my payment.,Complaint / Dispute
A resident at building 899 is storing items in the common hallway.,Rule Violation Report
Can I book the BBQ area near pool 990 for this weekend?,Amenity Booking
Is the tennis court near area 520 available this Sunday morning?,Amenity Booking
IS THERE A PAYMENT PLAN AVAILABLE FOR OVERDUE BALANCES?,Dues & Payment
the street light outside unit 775 has been out for a week.,Maintenance Request
Can I book the BBQ area near pool 985 for this weekend?,Amenity Booking
I need to update my payment method on file.,Dues & Payment
HOW DO I SUBMIT A SUGGESTION TO THE HOA BOARD?,General Inquiry
I am disputing the fine I received for unit 638 last month.,Complaint / Dispute
Broken gate at entrance 159 needs urgent repair.,Maintenance Request
Resident at unit 785 has installed an unauthorized satellite dish.,Rule Violation Report
How do I submit a suggestion to the HOA board?,General Inquiry
Resident at unit 593 has installed an unauthorized satellite dish.,Rule Violation Report
Who do I contact for after-hours emergencies?,General Inquiry
Can I book the BBQ area near pool 216 for this weekend?,Amenity Booking
Unapproved pet over weight limit seen at unit 187.,Rule Violation Report
What are the office hours for the HOA management team?,General Inquiry
Air conditioning in common area 274 is not cooling properly.,Maintenance Request
Loud music from unit 919 after quiet hours.,Rule Violation Report
I believe I was double charged for unit 977 this month.,Dues & Payment
Resident at unit 323 has installed an unauthorized satellite dish.,Rule Violation Report
I want to schedule the pool area for a private event.,Amenity Booking
i need to update my payment method on file.,Dues & Payment
Fence along property line 261 has fallen over.,Maintenance Request
when is the deadline for annual assessment payment?,Dues & Payment
The elevator in block 610 is making a loud noise.,Maintenance Request
The street light outside unit 308 has been out for a week.,Maintenance Request
I HAVEN'T RECEIVED MY INVOICE FOR THIS QUARTER YET.,Dues & Payment
Can I book the rooftop lounge for a small gathering?,Amenity Booking
Fence along property line 198 has fallen over.,Maintenance Request
I NEED TO RESERVE THE COMMUNITY ROOM FOR A MEETING NEXT TUESDAY.,Amenity Booking
There is a water leak in the common hallway near building 973.,Maintenance Request
The parking lot lights in section 895 are not working.,Maintenance Request
I want to schedule the pool area for a private event.,Amenity Booking
Is there a payment plan available for overdue balances?,Dues & Payment
When is the deadline for annual assessment payment?,Dues & Payment
The street light outside unit 415 has been out for a week.,Maintenance Request
I need to reserve the community room for a meeting next Tuesday.,Amenity Booking
WHO DO I CONTACT FOR AFTER-HOURS EMERGENCIES?,General Inquiry
Where can I find information about the upcoming board meeting?,General Inquiry
Pool pump at amenity area 617 stopped working.,Maintenance Request
Can I get a receipt for my last payment of unit 909?,Dues & Payment
i'd like to reserve the clubhouse for a birthday party on saturday.,Amenity Booking
Loud music from unit 109 after quiet hours.,Rule Violation Report
There is a water leak in the common hallway near building 260.,Maintenance Request
Commercial vehicle parked in residential spot near unit 917.,Rule Violation Report
Can I book the BBQ area near pool 961 for this weekend?,Amenity Booking
The elevator in block 886 is making a loud noise.,Maintenance Request
I need to reserve the community room for a meeting next Tuesday.,Amenity Booking
I'd like to reserve the clubhouse for a birthday party on Saturday.,Amenity Booking
When is the deadline for annual assessment payment?,Dues & Payment
i need to update my payment method on file.,Dues & Payment
Can I book the BBQ area near pool 910 for this weekend?,Amenity Booking
there is unauthorized construction happening at unit 254.,Rule Violation Report
How do I obtain a copy of the community rules and regulations?,General Inquiry
there is unauthorized construction happening at unit 175.,Rule Violation Report
I am disputing the fine I received for unit 812 last month.,Complaint / Dispute
Air conditioning in common area 243 is not cooling properly.,Maintenance Request
Where can I find information about the upcoming board meeting?,General Inquiry
Is there a payment plan available for overdue balances?,Dues & Payment
Pool pump at amenity area 309 stopped working.,Maintenance Request
I need to reserve the community room for a meeting next Tuesday.,Amenity Booking
what are the office hours for the hoa management team?,General Inquiry
Fence along property line 773 has fallen over.,Maintenance Request
Please reserve the gym for a group fitness session on Friday.,Amenity Booking
Can I book the BBQ area near pool 694 for this weekend?,Amenity Booking
Please reserve the gym for a group fitness session on Friday.,Amenity Booking
Unapproved pet over weight limit seen at unit 843.,Rule Violation Report
broken gate at entrance 985 needs urgent repair.,Maintenance Request
my neighbor's tree is dropping leaves into my patio at unit 944.,Complaint / Dispute
my neighbor at unit 945 is parking in a handicap spot without a permit.,Rule Violation Report
When is the deadline for annual assessment payment?,Dues & Payment
Can I book the BBQ area near pool 383 for this weekend?,Amenity Booking
My neighbor at unit 613 is parking in a handicap spot without a permit.,Rule Violation Report
The elevator in block 550 is making a loud noise.,Maintenance Request
I need to reserve the community room for a meeting next Tuesday.,Amenity Booking
when is the deadline for annual assessment payment?,Dues & Payment
Please reserve the gym for a group fitness session on Friday.,Amenity Booking
my neighbor at unit 593 is parking in a handicap spot without a permit.,Rule Violation Report
I WOULD LIKE TO SET UP AUTOMATIC PAYMENT FOR MY MONTHLY DUES.,Dues & Payment
I haven't received my invoice for this quarter yet.,Dues & Payment
is there a community newsletter i can subscribe to?,General Inquiry
broken gate at entrance 423 needs urgent repair.,Maintenance Request
air conditioning in common area 353 is not cooling properly.,Maintenance Request
Air conditioning in common area 193 is not cooling properly.,Maintenance Request
The elevator in block 435 is making a loud noise.,Maintenance Request
I'd like to reserve the clubhouse for a birthday party on Saturday.,Amenity Booking
I was unfairly charged a late fee for my payment.,Complaint / Dispute
i believe i was double charged for unit 557 this month.,Dues & Payment
I would like to set up automatic payment for my monthly dues.,Dues & Payment
THE ELEVATOR IN BLOCK 905 IS MAKING A LOUD NOISE.,Maintenance Request
I haven't received my invoice for this quarter yet.,Dues & Payment
how do i submit a suggestion to the hoa board?,General Inquiry
Unapproved pet over weight limit seen at unit 954.,Rule Violation Report
Is the tennis court near area 719 available this Sunday morning?,Amenity Booking
Can I get a receipt for my last payment of unit 342?,Dues & Payment
Can I book the BBQ area near pool 351 for this weekend?,Amenity Booking
Loud music from unit 494 after quiet hours.,Rule Violation Report
The parking lot lights in section 619 are not working.,Maintenance Request
Unapproved pet over weight limit seen at unit 291.,Rule Violation Report
Unapproved pet over weight limit seen at unit 140.,Rule Violation Report
The parking lot lights in section 689 are not working.,Maintenance Request
There is a water leak in the common hallway near building 368.,Maintenance Request
I would like to set up automatic payment for my monthly dues.,Dues & Payment
Can I book the BBQ area near pool 112 for this weekend?,Amenity Booking
who do i contact for after-hours emergencies?,General Inquiry
Air conditioning in common area 797 is not cooling properly.,Maintenance Request
The street light outside unit 512 has been out for a week.,Maintenance Request
When is the deadline for annual assessment payment?,Dues & Payment
I want to schedule the pool area for a private event.,Amenity Booking
i would like to set up automatic payment for my monthly dues.,Dues & Payment
Unapproved pet over weight limit seen at unit 507.,Rule Violation Report
Is the tennis court near area 123 available this Sunday morning?,Amenity Booking
Is there a payment plan available for overdue balances?,Dues & Payment
Commercial vehicle parked in residential spot near unit 100.,Rule Violation Report
Is there a payment plan available for overdue balances?,Dues & Payment
please reserve the gym for a group fitness session on friday.,Amenity Booking
I WANT TO SCHEDULE THE POOL AREA FOR A PRIVATE EVENT.,Amenity Booking
My neighbor at unit 307 is parking in a handicap spot without a permit.,Rule Violation Report
I haven't received my invoice for this quarter yet.,Dues & Payment
UNAPPROVED PET OVER WEIGHT LIMIT SEEN AT UNIT 654.,Rule Violation Report
Can I book the BBQ area near pool 802 for this weekend?,Amenity Booking
I'd like to reserve the clubhouse for a birthday party on Saturday.,Amenity Booking
RESIDENT AT UNIT 564 HAS INSTALLED AN UNAUTHORIZED SATELLITE DISH.,Rule Violation Report
i would like to set up automatic payment for my monthly dues.,Dues & Payment
Can I get a receipt for my last payment of unit 407?,Dues & Payment
POOL PUMP AT AMENITY AREA 396 STOPPED WORKING.,Maintenance Request
I need to update my payment method on file.,Dues & Payment
HOW DO I BOOK A GUEST PARKING SPOT FOR THE WEEKEND?,Amenity Booking
The board meeting minutes do not reflect what was discussed.,Complaint / Dispute
There is a water leak in the common hallway near building 151.,Maintenance Request
Pool pump at amenity area 265 stopped working.,Maintenance Request
The street light outside unit 847 has been out for a week.,Maintenance Request
broken gate at entrance 196 needs urgent repair.,Maintenance Request
I believe I was double charged for unit 948 this month.,Dues & Payment
my neighbor at unit 507 is parking in a handicap spot without a permit.,Rule Violation Report
I believe I was double charged for unit 420 this month.,Dues & Payment
Air conditioning in common area 479 is not cooling properly.,Maintenance Request
I need to update my payment method on file.,Dues & Payment
The parking lot lights in section 999 are not working.,Maintenance Request
Loud music from unit 584 after quiet hours.,Rule Violation Report
Who do I contact for after-hours emergencies?,General Inquiry
I NEED TO RESERVE THE COMMUNITY ROOM FOR A MEETING NEXT TUESDAY.,Amenity Booking
Air conditioning in common area 711 is not cooling properly.,Maintenance Request
Can I book the rooftop lounge for a small gathering?,Amenity Booking
A resident at building 124 is storing items in the common hallway.,Rule Violation Report
Is the tennis court near area 472 available this Sunday morning?,Amenity Booking
i believe i was double charged for unit 225 this month.,Dues & Payment
Unapproved pet over weight limit seen at unit 598.,Rule Violation Report
The elevator in block 175 is making a loud noise.,Maintenance Request
There is a water leak in the common hallway near building 420.,Maintenance Request
Is there a community newsletter I can subscribe to?,General Inquiry
I need to update my payment method on file.,Dues & Payment
CAN I GET A RECEIPT FOR MY LAST PAYMENT OF UNIT 353?,Dues & Payment
The street light outside unit 783 has been out for a week.,Maintenance Request
air conditioning in common area 746 is not cooling properly.,Maintenance Request
What recycling guidelines does our community follow?,General Inquiry
Is there a payment plan available for overdue balances?,Dues & Payment
I haven't received my invoice for this quarter yet.,Dues & Payment
Loud music from unit 428 after quiet hours.,Rule Violation Report
Smoking in non-designated area near building 688.,Rule Violation Report
I want to schedule the pool area for a private event.,Amenity Booking
Fence along property line 447 has fallen over.,Maintenance Request
CAN I GET A RECEIPT FOR MY LAST PAYMENT OF UNIT 753?,Dues & Payment
I'D LIKE TO RESERVE THE CLUBHOUSE FOR A BIRTHDAY PARTY ON SATURDAY.,Amenity Booking
unapproved pet over weight limit seen at unit 732.,Rule Violation Report
Air conditioning in common area 457 is not cooling properly.,Maintenance Request
how do i book a guest parking spot for the weekend?,Amenity Booking
i want to appeal the architectural review board decision.,Complaint / Dispute
I NEED TO UPDATE MY PAYMENT METHOD ON FILE.,Dues & Payment
there is unauthorized construction happening at unit 647.,Rule Violation Report
Broken gate at entrance 540 needs urgent repair.,Maintenance Request
commercial vehicle parked in residential spot near unit 300.,Rule Violation Report
Is the tennis court near area 112 available this Sunday morning?,Amenity Booking
I would like to set up automatic payment for my monthly dues.,Dues & Payment
Smoking in non-designated area near building 283.,Rule Violation Report
Broken gate at entrance 554 needs urgent repair.,Maintenance Request
Where can I find information about the upcoming board meeting?,General Inquiry
Fence along property line 462 has fallen over.,Maintenance Request
My neighbor's tree is dropping leaves into my patio at unit 352.,Complaint / Dispute
broken gate at entrance 513 needs urgent repair.,Maintenance Request
Fence along property line 813 has fallen over.,Maintenance Request
my neighbor at unit 686 is parking in a handicap spot without a permit.,Rule Violation Report
there is unauthorized construction happening at unit 903.,Rule Violation Report
What are the office hours for the HOA management team?,General Inquiry
smoking in non-designated area near building 285.,Rule Violation Report
Pool pump at amenity area 816 stopped working.,Maintenance Request
please confirm my account balance for unit 151.,Dues & Payment
air conditioning in common area 824 is not cooling properly.,Maintenance Request
I NEED TO RESERVE THE COMMUNITY ROOM FOR A MEETING NEXT TUESDAY.,Amenity Booking
The parking lot lights in section 738 are not working.,Maintenance Request
Air conditioning in common area 576 is not cooling properly.,Maintenance Request
air conditioning in common area 164 is not cooling properly.,Maintenance Request
I believe I was double charged for unit 708 this month.,Dues & Payment
There is unauthorized construction happening at unit 258.,Rule Violation Report
Broken gate at entrance 165 needs urgent repair.,Maintenance Request
There is a water leak in the common hallway near building 890.,Maintenance Request
I haven't received my invoice for this quarter yet.,Dues & Payment
Fence along property line 251 has fallen over.,Maintenance Request
THE PARKING LOT LIGHTS IN SECTION 783 ARE NOT WORKING.,Maintenance Request
pool pump at amenity area 966 stopped working.,Maintenance Request
I was unfairly charged a late fee for my payment.,Complaint / Dispute
There is a water leak in the common hallway near building 148.,Maintenance Request
FENCE ALONG PROPERTY LINE 291 HAS FALLEN OVER.,Maintenance Request
My neighbor's tree is dropping leaves into my patio at unit 503.,Complaint / Dispute
What are the office hours for the HOA management team?,General Inquiry
What are the office hours for the HOA management team?,General Inquiry
When is the deadline for annual assessment payment?,Dues & Payment
I disagree with the decision made about unit 306 modification.,Complaint / Dispute
My neighbor's tree is dropping leaves into my patio at unit 960.,Complaint / Dispute
Smoking in non-designated area near building 415.,Rule Violation Report
Is the tennis court near area 576 available this Sunday morning?,Amenity Booking
I haven't received my invoice for this quarter yet.,Dues & Payment
my neighbor's tree is dropping leaves into my patio at unit 213.,Complaint / Dispute
How do I submit a suggestion to the HOA board?,General Inquiry
I haven't received my invoice for this quarter yet.,Dues & Payment
MY NEIGHBOR'S TREE IS DROPPING LEAVES INTO MY PATIO AT UNIT 397.,Complaint / Dispute
when is the deadline for annual assessment payment?,Dues & Payment
Is the tennis court near area 305 available this Sunday morning?,Amenity Booking
the elevator in block 341 is making a loud noise.,Maintenance Request
Please reserve the gym for a group fitness session on Friday.,Amenity Booking
The parking lot lights in section 547 are not working.,Maintenance Request
Pool pump at amenity area 816 stopped working.,Maintenance Request
The parking lot lights in section 584 are not working.,Maintenance Request
I want to appeal the architectural review board decision.,Complaint / Dispute
The elevator in block 631 is making a loud noise.,Maintenance Request
The elevator in block 993 is making a loud noise.,Maintenance Request
The parking lot lights in section 460 are not working.,Maintenance Request
Smoking in non-designated area near building 991.,Rule Violation Report
The elevator in block 164 is making a loud noise.,Maintenance Request
The parking lot lights in section 546 are not working.,Maintenance Request
Commercial vehicle parked in residential spot near unit 740.,Rule Violation Report
Pool pump at amenity area 894 stopped working.,Maintenance Request
Who do I contact for after-hours emergencies?,General Inquiry
Air conditioning in common area 645 is not cooling properly.,Maintenance Request
I'd like to reserve the clubhouse for a birthday party on Saturday.,Amenity Booking
There is a water leak in the common hallway near building 526.,Maintenance Request
can i book the rooftop lounge for a small gathering?,Amenity Booking
there is a water leak in the common hallway near building 567.,Maintenance Request
When is the deadline for annual assessment payment?,Dues & Payment
I haven't received my invoice for this quarter yet.,Dues & Payment
I would like to set up automatic payment for my monthly dues.,Dues & Payment
Air conditioning in common area 683 is not cooling properly.,Maintenance Request
The parking lot lights in section 951 are not working.,Maintenance Request
IS THERE A COMMUNITY NEWSLETTER I CAN SUBSCRIBE TO?,General Inquiry
I need to reserve the community room for a meeting next Tuesday.,Amenity Booking
The street light outside unit 211 has been out for a week.,Maintenance Request
i need to update my payment method on file.,Dues & Payment
Can I book the rooftop lounge for a small gathering?,Amenity Booking
there is unauthorized construction happening at unit 181.,Rule Violation Report
Air conditioning in common area 189 is not cooling properly.,Maintenance Request
There is unauthorized construction happening at unit 593.,Rule Violation Report
Fence along property line 233 has fallen over.,Maintenance Request
I want to appeal the architectural review board decision.,Complaint / Dispute
Loud music from unit 421 after quiet hours.,Rule Violation Report
I would like to set up automatic payment for my monthly dues.,Dues & Payment
I haven't received my invoice for this quarter yet.,Dues & Payment
Can I get a receipt for my last payment of unit 541?,Dues & Payment
Where can I find information about the upcoming board meeting?,General Inquiry
The elevator in block 296 is making a loud noise.,Maintenance Request
My neighbor at unit 290 is parking in a handicap spot without a permit.,Rule Violation Report
When is the deadline for annual assessment payment?,Dues & Payment
Loud music from unit 105 after quiet hours.,Rule Violation Report
I need to update my payment method on file.,Dues & Payment
i was unfairly charged a late fee for my payment.,Complaint / Dispute
Broken gate at entrance 258 needs urgent repair.,Maintenance Request
Air conditioning in common area 638 is not cooling properly.,Maintenance Request
Commercial vehicle parked in residential spot near unit 945.,Rule Violation Report
What are the office hours for the HOA management team?,General Inquiry
I would like to set up automatic payment for my monthly dues.,Dues & Payment
What recycling guidelines does our community follow?,General Inquiry
Pool pump at amenity area 863 stopped working.,Maintenance Request
Can I book the rooftop lounge for a small gathering?,Amenity Booking
I would like to set up automatic payment for my monthly dues.,Dues & Payment
Is the tennis court near area 163 available this Sunday morning?,Amenity Booking
I need to update my payment method on file.,Dues & Payment
Broken gate at entrance 753 needs urgent repair.,Maintenance Request
There is unauthorized construction happening at unit 543.,Rule Violation Report
WHAT ARE THE OFFICE HOURS FOR THE HOA MANAGEMENT TEAM?,General Inquiry
i disagree with the decision made about unit 323 modification.,Complaint / Dispute
i would like to set up automatic payment for my monthly dues.,Dues & Payment
Is the tennis court near area 720 available this Sunday morning?,Amenity Booking
Please confirm my account balance for unit 891.,Dues & Payment
when is the deadline for annual assessment payment?,Dues & Payment
What recycling guidelines does our community follow?,General Inquiry
When is the deadline for annual assessment payment?,Dues & Payment
there is a water leak in the common hallway near building 354.,Maintenance Request
IS THE TENNIS COURT NEAR AREA 381 AVAILABLE THIS SUNDAY MORNING?,Amenity Booking
how do i book a guest parking spot for the weekend?,Amenity Booking
BROKEN GATE AT ENTRANCE 702 NEEDS URGENT REPAIR.,Maintenance Request
Air conditioning in common area 246 is not cooling properly.,Maintenance Request
There is unauthorized construction happening at unit 466.,Rule Violation Report
I need to update my payment method on file.,Dues & Payment
There is unauthorized construction happening at unit 315.,Rule Violation Report
Is the tennis court near area 526 available this Sunday morning?,Amenity Booking
Commercial vehicle parked in residential spot near unit 713.,Rule Violation Report
fence along property line 765 has fallen over.,Maintenance Request
I would like to set up automatic payment for my monthly dues.,Dues & Payment
I'd like to reserve the clubhouse for a birthday party on Saturday.,Amenity Booking
Is there a payment plan available for overdue balances?,Dues & Payment
please reserve the gym for a group fitness session on friday.,Amenity Booking
There is a water leak in the common hallway near building 467.,Maintenance Request
I was unfairly charged a late fee for my payment.,Complaint / Dispute
I believe I was double charged for unit 544 this month.,Dues & Payment
Pool pump at amenity area 739 stopped working.,Maintenance Request
Is there a community newsletter I can subscribe to?,General Inquiry
Air conditioning in common area 572 is not cooling properly.,Maintenance Request
Resident at unit 981 has installed an unauthorized satellite dish.,Rule Violation Report
Can I get a receipt for my last payment of unit 857?,Dues & Payment
There is a water leak in the common hallway near building 543.,Maintenance Request
My neighbor's tree is dropping leaves into my patio at unit 110.,Complaint / Dispute
There is unauthorized construction happening at unit 615.,Rule Violation Report
There is unauthorized construction happening at unit 972.,Rule Violation Report
broken gate at entrance 835 needs urgent repair.,Maintenance Request
I need to update my payment method on file.,Dues & Payment
Air conditioning in common area 922 is not cooling properly.,Maintenance Request
How do I book a guest parking spot for the weekend?,Amenity Booking
I want to appeal the architectural review board decision.,Complaint / Dispute
The elevator in block 786 is making a loud noise.,Maintenance Request
There is a water leak in the common hallway near building 580.,Maintenance Request
Can I book the rooftop lounge for a small gathering?,Amenity Booking
Please reserve the gym for a group fitness session on Friday.,Amenity Booking
I would like to set up automatic payment for my monthly dues.,Dues & Payment
Is there a community newsletter I can subscribe to?,General Inquiry
I feel the recent rule change was not communicated properly.,Complaint / Dispute
please reserve the gym for a group fitness session on friday.,Amenity Booking
fence along property line 710 has fallen over.,Maintenance Request
air conditioning in common area 384 is not cooling properly.,Maintenance Request
Who do I contact for after-hours emergencies?,General Inquiry
I need to reserve the community room for a meeting next Tuesday.,Amenity Booking
There is unauthorized construction happening at unit 199.,Rule Violation Report
I want to appeal the architectural review board decision.,Complaint / Dispute
when is the deadline for annual assessment payment?,Dues & Payment
I would like to set up automatic payment for my monthly dues.,Dues & Payment
Can I get a receipt for my last payment of unit 769?,Dues & Payment
Pool pump at amenity area 729 stopped working.,Maintenance Request
Is there a payment plan available for overdue balances?,Dues & Payment
my neighbor at unit 972 is parking in a handicap spot without a permit.,Rule Violation Report
Please confirm my account balance for unit 764.,Dues & Payment
Loud music from unit 484 after quiet hours.,Rule Violation Report
The street light outside unit 777 has been out for a week.,Maintenance Request
Can I book the BBQ area near pool 595 for this weekend?,Amenity Booking
Broken gate at entrance 256 needs urgent repair.,Maintenance Request
Please confirm my account balance for unit 655.,Dues & Payment
The elevator in block 706 is making a loud noise.,Maintenance Request
I need to update my payment method on file.,Dues & Payment
I haven't received my invoice for this quarter yet.,Dues & Payment
I need to update my payment method on file.,Dues & Payment
I would like to set up automatic payment for my monthly dues.,Dues & Payment
A resident at building 913 is storing items in the common hallway.,Rule Violation Report
I believe I was double charged for unit 328 this month.,Dues & Payment
I WANT TO SCHEDULE THE POOL AREA FOR A PRIVATE EVENT.,Amenity Booking
Air conditioning in common area 741 is not cooling properly.,Maintenance Request
Unapproved pet over weight limit seen at unit 796.,Rule Violation Report
Pool pump at amenity area 202 stopped working.,Maintenance Request
I'd like to reserve the clubhouse for a birthday party on Saturday.,Amenity Booking
i need to reserve the community room for a meeting next tuesday.,Amenity Booking
Please confirm my account balance for unit 380.,Dues & Payment
Pool pump at amenity area 282 stopped working.,Maintenance Request
Fence along property line 701 has fallen over.,Maintenance Request
Please confirm my account balance for unit 907.,Dues & Payment
I want to appeal the architectural review board decision.,Complaint / Dispute
Can I book the BBQ area near pool 787 for this weekend?,Amenity Booking
THE ELEVATOR IN BLOCK 878 IS MAKING A LOUD NOISE.,Maintenance Request
I need to update my payment method on file.,Dues & Payment
My neighbor's tree is dropping leaves into my patio at unit 942.,Complaint / Dispute
I need to update my payment method on file.,Dues & Payment
Resident at unit 455 has installed an unauthorized satellite dish.,Rule Violation Report
WHAT IS THE PROCESS FOR GETTING A PARKING PERMIT FOR UNIT 617?,General Inquiry
How do I submit a suggestion to the HOA board?,General Inquiry
Is there a payment plan available for overdue balances?,Dues & Payment
i believe i was double charged for unit 936 this month.,Dues & Payment
I want to schedule the pool area for a private event.,Amenity Booking
I haven't received my invoice for this quarter yet.,Dues & Payment
Fence along property line 617 has fallen over.,Maintenance Request
I'd like to reserve the clubhouse for a birthday party on Saturday.,Amenity Booking
is the tennis court near area 727 available this sunday morning?,Amenity Booking
Can I get a receipt for my last payment of unit 741?,Dues & Payment
A resident at building 848 is storing items in the common hallway.,Rule Violation Report
Can I book the BBQ area near pool 459 for this weekend?,Amenity Booking
Can I get a receipt for my last payment of unit 601?,Dues & Payment
A resident at building 727 is storing items in the common hallway.,Rule Violation Report
Is the tennis court near area 892 available this Sunday morning?,Amenity Booking
Pool pump at amenity area 340 stopped working.,Maintenance Request
Resident at unit 153 has installed an unauthorized satellite dish.,Rule Violation Report
Please reserve the gym for a group fitness session on Friday.,Amenity Booking
I want to appeal the architectural review board decision.,Complaint / Dispute
The board meeting minutes do not reflect what was discussed.,Complaint / Dispute
Loud music from unit 956 after quiet hours.,Rule Violation Report
I feel the recent rule change was not communicated properly.,Complaint / Dispute
Can I book the rooftop lounge for a small gathering?,Amenity Booking
The elevator in block 642 is making a loud noise.,Maintenance Request
How do I book a guest parking spot for the weekend?,Amenity Booking
Can I get a receipt for my last payment of unit 551?,Dues & Payment
I am disputing the fine I received for unit 216 last month.,Complaint / Dispute
Is there a payment plan available for overdue balances?,Dues & Payment
There is a water leak in the common hallway near building 231.,Maintenance Request
Broken gate at entrance 267 needs urgent repair.,Maintenance Request
The street light outside unit 908 has been out for a week.,Maintenance Request
How do I obtain a copy of the community rules and regulations?,General Inquiry
FENCE ALONG PROPERTY LINE 933 HAS FALLEN OVER.,Maintenance Request
a resident at building 264 is storing items in the common hallway.,Rule Violation Report
The street light outside unit 956 has been out for a week.,Maintenance Request
i need to update my payment method on file.,Dues & Payment
Fence along property line 735 has fallen over.,Maintenance Request
Pool pump at amenity area 672 stopped working.,Maintenance Request
fence along property line 770 has fallen over.,Maintenance Request
where can i find information about the upcoming board meeting?,General Inquiry
How do I submit a suggestion to the HOA board?,General Inquiry
I would like to set up automatic payment for my monthly dues.,Dues & Payment
I want to schedule the pool area for a private event.,Amenity Booking
Smoking in non-designated area near building 727.,Rule Violation Report
I'd like to reserve the clubhouse for a birthday party on Saturday.,Amenity Booking
There is a water leak in the common hallway near building 844.,Maintenance Request
A resident at building 853 is storing items in the common hallway.,Rule Violation Report
Air conditioning in common area 392 is not cooling properly.,Maintenance Request
I want to schedule the pool area for a private event.,Amenity Booking
How do I submit a suggestion to the HOA board?,General Inquiry
My neighbor at unit 841 is parking in a handicap spot without a permit.,Rule Violation Report
Can I book the BBQ area near pool 515 for this weekend?,Amenity Booking
Resident at unit 120 has installed an unauthorized satellite dish.,Rule Violation Report
Who do I contact for after-hours emergencies?,General Inquiry
I NEED TO UPDATE MY PAYMENT METHOD ON FILE.,Dues & Payment
Unapproved pet over weight limit seen at unit 468.,Rule Violation Report
I believe I was double charged for unit 691 this month.,Dues & Payment
fence along property line 381 has fallen over.,Maintenance Request
There is a water leak in the common hallway near building 562.,Maintenance Request
i want to appeal the architectural review board decision.,Complaint / Dispute
The elevator in block 711 is making a loud noise.,Maintenance Request
i am disputing the fine i received for unit 295 last month.,Complaint / Dispute
can i get a receipt for my last payment of unit 222?,Dues & Payment
Smoking in non-designated area near building 804.,Rule Violation Report
i need to update my payment method on file.,Dues & Payment
I DISAGREE WITH THE DECISION MADE ABOUT UNIT 679 MODIFICATION.,Complaint / Dispute
Loud music from unit 178 after quiet hours.,Rule Violation Report
I want to schedule the pool area for a private event.,Amenity Booking
There is a water leak in the common hallway near building 579.,Maintenance Request
Can I get a receipt for my last payment of unit 381?,Dues & Payment
What is the process for getting a parking permit for unit 220?,General Inquiry
I'd like to reserve the clubhouse for a birthday party on Saturday.,Amenity Booking
commercial vehicle parked in residential spot near unit 190.,Rule Violation Report
I need to reserve the community room for a meeting next Tuesday.,Amenity Booking
I disagree with the decision made about unit 716 modification.,Complaint / Dispute
Loud music from unit 522 after quiet hours.,Rule Violation Report
What recycling guidelines does our community follow?,General Inquiry
Where can I find information about the upcoming board meeting?,General Inquiry
The elevator in block 457 is making a loud noise.,Maintenance Request
The parking lot lights in section 196 are not working.,Maintenance Request
When is the deadline for annual assessment payment?,Dues & Payment
I want to schedule the pool area for a private event.,Amenity Booking
HOW DO I BOOK A GUEST PARKING SPOT FOR THE WEEKEND?,Amenity Booking
i need to reserve the community room for a meeting next tuesday.,Amenity Booking
Fence along property line 720 has fallen over.,Maintenance Request
Where can I find information about the upcoming board meeting?,General Inquiry
I haven't received my invoice for this quarter yet.,Dues & Payment
The elevator in block 730 is making a loud noise.,Maintenance Request
i am disputing the fine i received for unit 306 last month.,Complaint / Dispute
I feel the recent rule change was not communicated properly.,Complaint / Dispute
can i book the rooftop lounge for a small gathering?,Amenity Booking
there is unauthorized construction happening at unit 197.,Rule Violation Report
I haven't received my invoice for this quarter yet.,Dues & Payment
Smoking in non-designated area near building 428.,Rule Violation Report
Can I get a receipt for my last payment of unit 960?,Dues & Payment
Is there a community newsletter I can subscribe to?,General Inquiry
How do I obtain a copy of the community rules and regulations?,General Inquiry
COMMERCIAL VEHICLE PARKED IN RESIDENTIAL SPOT NEAR UNIT 762.,Rule Violation Report
My neighbor at unit 968 is parking in a handicap spot without a permit.,Rule Violation Report
I want to appeal the architectural review board decision.,Complaint / Dispute
I need to update my payment method on file.,Dues & Payment
Resident at unit 673 has installed an unauthorized satellite dish.,Rule Violation Report
fence along property line 964 has fallen over.,Maintenance Request
There is a water leak in the common hallway near building 566.,Maintenance Request
Can I get a receipt for my last payment of unit 849?,Dues & Payment
Please confirm my account balance for unit 108.,Dues & Payment
Loud music from unit 565 after quiet hours.,Rule Violation Report
the street light outside unit 334 has been out for a week.,Maintenance Request
Smoking in non-designated area near building 620.,Rule Violation Report
What is the process for getting a parking permit for unit 575?,General Inquiry
Loud music from unit 140 after quiet hours.,Rule Violation Report
My neighbor at unit 661 is parking in a handicap spot without a permit.,Rule Violation Report
Is there a payment plan available for overdue balances?,Dues & Payment
Loud music from unit 785 after quiet hours.,Rule Violation Report
I haven't received my invoice for this quarter yet.,Dues & Payment
I was unfairly charged a late fee for my payment.,Complaint / Dispute
I need to update my payment method on file.,Dues & Payment
How do I submit a suggestion to the HOA board?,General Inquiry
i need to reserve the community room for a meeting next tuesday.,Amenity Booking
is there a payment plan available for overdue balances?,Dues & Payment
I need to reserve the community room for a meeting next Tuesday.,Amenity Booking
Broken gate at entrance 429 needs urgent repair.,Maintenance Request
When is the deadline for annual assessment payment?,Dues & Payment
Fence along property line 495 has fallen over.,Maintenance Request
When is the deadline for annual assessment payment?,Dues & Payment
the parking lot lights in section 379 are not working.,Maintenance Request
How do I obtain a copy of the community rules and regulations?,General Inquiry
Air conditioning in common area 817 is not cooling properly.,Maintenance Request
the parking lot lights in section 849 are not working.,Maintenance Request
The contractor hired by HOA damaged my property at unit 515.,Complaint / Dispute
I haven't received my invoice for this quarter yet.,Dues & Payment
Smoking in non-designated area near building 919.,Rule Violation Report
Is there a payment plan available for overdue balances?,Dues & Payment
What are the office hours for the HOA management team?,General Inquiry
I am disputing the fine I received for unit 742 last month.,Complaint / Dispute
How do I submit a suggestion to the HOA board?,General Inquiry
Is there a community newsletter I can subscribe to?,General Inquiry
I want to schedule the pool area for a private event.,Amenity Booking
I believe I was double charged for unit 981 this month.,Dues & Payment
Pool pump at amenity area 594 stopped working.,Maintenance Request
What are the office hours for the HOA management team?,General Inquiry
the street light outside unit 255 has been out for a week.,Maintenance Request
Air conditioning in common area 812 is not cooling properly.,Maintenance Request
Pool pump at amenity area 568 stopped working.,Maintenance Request
I NEED TO UPDATE MY PAYMENT METHOD ON FILE.,Dues & Payment
i'd like to reserve the clubhouse for a birthday party on saturday.,Amenity Booking
A resident at building 188 is storing items in the common hallway.,Rule Violation Report
I want to appeal the architectural review board decision.,Complaint / Dispute
Please confirm my account balance for unit 378.,Dues & Payment
Fence along property line 614 has fallen over.,Maintenance Request
air conditioning in common area 218 is not cooling properly.,Maintenance Request
my neighbor at unit 964 is parking in a handicap spot without a permit.,Rule Violation Report
Can I get a receipt for my last payment of unit 858?,Dues & Payment
Can I book the rooftop lounge for a small gathering?,Amenity Booking
Fence along property line 498 has fallen over.,Maintenance Request
UNAPPROVED PET OVER WEIGHT LIMIT SEEN AT UNIT 828.,Rule Violation Report
Can I book the BBQ area near pool 552 for this weekend?,Amenity Booking
Please confirm my account balance for unit 646.,Dues & Payment
Pool pump at amenity area 586 stopped working.,Maintenance Request
i want to appeal the architectural review board decision.,Complaint / Dispute
how do i obtain a copy of the community rules and regulations?,General Inquiry
is there a payment plan available for overdue balances?,Dues & Payment
A resident at building 436 is storing items in the common hallway.,Rule Violation Report
I disagree with the decision made about unit 961 modification.,Complaint / Dispute
I haven't received my invoice for this quarter yet.,Dues & Payment
I feel the recent rule change was not communicated properly.,Complaint / Dispute
commercial vehicle parked in residential spot near unit 946.,Rule Violation Report
I believe I was double charged for unit 943 this month.,Dues & Payment
I haven't received my invoice for this quarter yet.,Dues & Payment
LOUD MUSIC FROM UNIT 202 AFTER QUIET HOURS.,Rule Violation Report
Air conditioning in common area 730 is not cooling properly.,Maintenance Request
The street light outside unit 980 has been out for a week.,Maintenance Request
the elevator in block 669 is making a loud noise.,Maintenance Request
pool pump at amenity area 129 stopped working.,Maintenance Request
THE STREET LIGHT OUTSIDE UNIT 713 HAS BEEN OUT FOR A WEEK.,Maintenance Request
The parking lot lights in section 389 are not working.,Maintenance Request
Fence along property line 180 has fallen over.,Maintenance Request
please reserve the gym for a group fitness session on friday.,Amenity Booking
a resident at building 633 is storing items in the common hallway.,Rule Violation Report
Air conditioning in common area 967 is not cooling properly.,Maintenance Request
The street light outside unit 471 has been out for a week.,Maintenance Request
the parking lot lights in section 158 are not working.,Maintenance Request
i believe i was double charged for unit 273 this month.,Dues & Payment
The contractor hired by HOA damaged my property at unit 191.,Complaint / Dispute
Please reserve the gym for a group fitness session on Friday.,Amenity Booking
When is the deadline for annual assessment payment?,Dues & Payment
What recycling guidelines does our community follow?,General Inquiry
I believe I was double charged for unit 625 this month.,Dues & Payment
air conditioning in common area 398 is not cooling properly.,Maintenance Request
Fence along property line 750 has fallen over.,Maintenance Request
Can I book the rooftop lounge for a small gathering?,Amenity Booking
The parking lot lights in section 826 are not working.,Maintenance Request
I disagree with the decision made about unit 976 modification.,Complaint / Dispute
Please confirm my account balance for unit 662.,Dues & Payment
The contractor hired by HOA damaged my property at unit 473.,Complaint / Dispute
Can I get a receipt for my last payment of unit 167?,Dues & Payment
Please reserve the gym for a group fitness session on Friday.,Amenity Booking
AIR CONDITIONING IN COMMON AREA 829 IS NOT COOLING PROPERLY.,Maintenance Request
I want to schedule the pool area for a private event.,Amenity Booking
I'd like to reserve the clubhouse for a birthday party on Saturday.,Amenity Booking
Broken gate at entrance 807 needs urgent repair.,Maintenance Request
unapproved pet over weight limit seen at unit 721.,Rule Violation Report
A resident at building 474 is storing items in the common hallway.,Rule Violation Report
Can I book the BBQ area near pool 474 for this weekend?,Amenity Booking
please confirm my account balance for unit 888.,Dues & Payment
My neighbor at unit 971 is parking in a handicap spot without a permit.,Rule Violation Report
can i get a receipt for my last payment of unit 484?,Dues & Payment
How do I obtain a copy of the community rules and regulations?,General Inquiry
Commercial vehicle parked in residential spot near unit 385.,Rule Violation Report
I believe I was double charged for unit 525 this month.,Dues & Payment
I want to schedule the pool area for a private event.,Amenity Booking
Broken gate at entrance 463 needs urgent repair.,Maintenance Request
Is there a payment plan available for overdue balances?,Dues & Payment
Fence along property line 504 has fallen over.,Maintenance Request
Is the tennis court near area 244 available this Sunday morning?,Amenity Booking
resident at unit 287 has installed an unauthorized satellite dish.,Rule Violation Report
when is the deadline for annual assessment payment?,Dues & Payment
A resident at building 738 is storing items in the common hallway.,Rule Violation Report
Is there a payment plan available for overdue balances?,Dues & Payment
i was unfairly charged a late fee for my payment.,Complaint / Dispute
The elevator in block 231 is making a loud noise.,Maintenance Request
can i get a receipt for my last payment of unit 589?,Dues & Payment
Broken gate at entrance 685 needs urgent repair.,Maintenance Request
i want to schedule the pool area for a private event.,Amenity Booking
Who do I contact for after-hours emergencies?,General Inquiry
Air conditioning in common area 753 is not cooling properly.,Maintenance Request
There is unauthorized construction happening at unit 961.,Rule Violation Report
IS THERE A PAYMENT PLAN AVAILABLE FOR OVERDUE BALANCES?,Dues & Payment
I believe I was double charged for unit 310 this month.,Dues & Payment
Commercial vehicle parked in residential spot near unit 636.,Rule Violation Report
WHEN IS THE DEADLINE FOR ANNUAL ASSESSMENT PAYMENT?,Dues & Payment
i need to reserve the community room for a meeting next tuesday.,Amenity Booking
what are the office hours for the hoa management team?,General Inquiry
Is the tennis court near area 683 available this Sunday morning?,Amenity Booking
Fence along property line 270 has fallen over.,Maintenance Request
How do I obtain a copy of the community rules and regulations?,General Inquiry
can i book the rooftop lounge for a small gathering?,Amenity Booking
THE STREET LIGHT OUTSIDE UNIT 416 HAS BEEN OUT FOR A WEEK.,Maintenance Request
I'D LIKE TO RESERVE THE CLUBHOUSE FOR A BIRTHDAY PARTY ON SATURDAY.,Amenity Booking
I would like to set up automatic payment for my monthly dues.,Dues & Payment
What recycling guidelines does our community follow?,General Inquiry
Can I book the BBQ area near pool 223 for this weekend?,Amenity Booking
I would like to set up automatic payment for my monthly dues.,Dues & Payment
Broken gate at entrance 700 needs urgent repair.,Maintenance Request
BROKEN GATE AT ENTRANCE 251 NEEDS URGENT REPAIR.,Maintenance Request
Resident at unit 111 has installed an unauthorized satellite dish.,Rule Violation Report
the parking lot lights in section 541 are not working.,Maintenance Request
Broken gate at entrance 716 needs urgent repair.,Maintenance Request
i'd like to reserve the clubhouse for a birthday party on saturday.,Amenity Booking
I would like to set up automatic payment for my monthly dues.,Dues & Payment
UNAPPROVED PET OVER WEIGHT LIMIT SEEN AT UNIT 370.,Rule Violation Report
The board meeting minutes do not reflect what was discussed.,Complaint / Dispute
What is the process for getting a parking permit for unit 241?,General Inquiry
Is there a community newsletter I can subscribe to?,General Inquiry
fence along property line 785 has fallen over.,Maintenance Request
I haven't received my invoice for this quarter yet.,Dues & Payment
how do i obtain a copy of the community rules and regulations?,General Inquiry
Is the tennis court near area 940 available this Sunday morning?,Amenity Booking
WHERE CAN I FIND INFORMATION ABOUT THE UPCOMING BOARD MEETING?,General Inquiry
The street light outside unit 881 has been out for a week.,Maintenance Request
What are the office hours for the HOA management team?,General Inquiry
who do i contact for after-hours emergencies?,General Inquiry
The board meeting minutes do not reflect what was discussed.,Complaint / Dispute
the elevator in block 411 is making a loud noise.,Maintenance Request
I want to schedule the pool area for a private event.,Amenity Booking
Broken gate at entrance 980 needs urgent repair.,Maintenance Request
BROKEN GATE AT ENTRANCE 338 NEEDS URGENT REPAIR.,Maintenance Request
pool pump at amenity area 336 stopped working.,Maintenance Request
Unapproved pet over weight limit seen at unit 999.,Rule Violation Report
Commercial vehicle parked in residential spot near unit 209.,Rule Violation Report
please confirm my account balance for unit 734.,Dues & Payment
When is the deadline for annual assessment payment?,Dues & Payment
Air conditioning in common area 912 is not cooling properly.,Maintenance Request
I would like to set up automatic payment for my monthly dues.,Dues & Payment
Is there a community newsletter I can subscribe to?,General Inquiry
A resident at building 525 is storing items in the common hallway.,Rule Violation Report
I need to reserve the community room for a meeting next Tuesday.,Amenity Booking
When is the deadline for annual assessment payment?,Dues & Payment
when is the deadline for annual assessment payment?,Dues & Payment
what is the process for getting a parking permit for unit 129?,General Inquiry
The contractor hired by HOA damaged my property at unit 404.,Complaint / Dispute
AIR CONDITIONING IN COMMON AREA 639 IS NOT COOLING PROPERLY.,Maintenance Request
Broken gate at entrance 159 needs urgent repair.,Maintenance Request
how do i submit a suggestion to the hoa board?,General Inquiry
i would like to set up automatic payment for my monthly dues.,Dues & Payment
i believe i was double charged for unit 749 this month.,Dues & Payment
There is unauthorized construction happening at unit 776.,Rule Violation Report
Is the tennis court near area 886 available this Sunday morning?,Amenity Booking
How do I book a guest parking spot for the weekend?,Amenity Booking
Please confirm my account balance for unit 663.,Dues & Payment
My neighbor at unit 161 is parking in a handicap spot without a permit.,Rule Violation Report
pool pump at amenity area 997 stopped working.,Maintenance Request
When is the deadline for annual assessment payment?,Dues & Payment
I believe I was double charged for unit 174 this month.,Dues & Payment
fence along property line 832 has fallen over.,Maintenance Request
there is a water leak in the common hallway near building 978.,Maintenance Request
Air conditioning in common area 993 is not cooling properly.,Maintenance Request
The street light outside unit 796 has been out for a week.,Maintenance Request
a resident at building 129 is storing items in the common hallway.,Rule Violation Report
smoking in non-designated area near building 661.,Rule Violation Report
Broken gate at entrance 520 needs urgent repair.,Maintenance Request
I haven't received my invoice for this quarter yet.,Dues & Payment
My neighbor at unit 228 is parking in a handicap spot without a permit.,Rule Violation Report
Air conditioning in common area 237 is not cooling properly.,Maintenance Request
Pool pump at amenity area 719 stopped working.,Maintenance Request
Commercial vehicle parked in residential spot near unit 567.,Rule Violation Report
Can I book the rooftop lounge for a small gathering?,Amenity Booking
Is the tennis court near area 537 available this Sunday morning?,Amenity Booking
Broken gate at entrance 652 needs urgent repair.,Maintenance Request
Can I book the BBQ area near pool 158 for this weekend?,Amenity Booking
Commercial vehicle parked in residential spot near unit 479.,Rule Violation Report
The street light outside unit 844 has been out for a week.,Maintenance Request
Please reserve the gym for a group fitness session on Friday.,Amenity Booking
Is there a community newsletter I can subscribe to?,General Inquiry
THE CONTRACTOR HIRED BY HOA DAMAGED MY PROPERTY AT UNIT 739.,Complaint / Dispute
I'd like to reserve the clubhouse for a birthday party on Saturday.,Amenity Booking
When is the deadline for annual assessment payment?,Dues & Payment
Can I book the BBQ area near pool 316 for this weekend?,Amenity Booking
Please reserve the gym for a group fitness session on Friday.,Amenity Booking
I disagree with the decision made about unit 925 modification.,Complaint / Dispute
I believe I was double charged for unit 813 this month.,Dues & Payment
Is there a community newsletter I can subscribe to?,General Inquiry
how do i obtain a copy of the community rules and regulations?,General Inquiry
Unapproved pet over weight limit seen at unit 810.,Rule Violation Report
Unapproved pet over weight limit seen at unit 530.,Rule Violation Report
how do i obtain a copy of the community rules and regulations?,General Inquiry
Pool pump at amenity area 785 stopped working.,Maintenance Request
There is a water leak in the common hallway near building 897.,Maintenance Request
The street light outside unit 789 has been out for a week.,Maintenance Request
is there a community newsletter i can subscribe to?,General Inquiry
When is the deadline for annual assessment payment?,Dues & Payment
FENCE ALONG PROPERTY LINE 703 HAS FALLEN OVER.,Maintenance Request
Loud music from unit 297 after quiet hours.,Rule Violation Report
i want to schedule the pool area for a private event.,Amenity Booking
the elevator in block 854 is making a loud noise.,Maintenance Request
when is the deadline for annual assessment payment?,Dues & Payment
Please reserve the gym for a group fitness session on Friday.,Amenity Booking
can i book the rooftop lounge for a small gathering?,Amenity Booking
the parking lot lights in section 990 are not working.,Maintenance Request
The parking lot lights in section 256 are not working.,Maintenance Request
Air conditioning in common area 456 is not cooling properly.,Maintenance Request
Please confirm my account balance for unit 686.,Dues & Payment
Can I book the rooftop lounge for a small gathering?,Amenity Booking
How do I submit a suggestion to the HOA board?,General Inquiry
Smoking in non-designated area near building 237.,Rule Violation Report
Pool pump at amenity area 612 stopped working.,Maintenance Request
There is unauthorized construction happening at unit 495.,Rule Violation Report
I need to reserve the community room for a meeting next Tuesday.,Amenity Booking
There is a water leak in the common hallway near building 723.,Maintenance Request
Smoking in non-designated area near building 285.,Rule Violation Report
Commercial vehicle parked in residential spot near unit 334.,Rule Violation Report
The elevator in block 588 is making a loud noise.,Maintenance Request
The street light outside unit 193 has been out for a week.,Maintenance Request
How do I submit a suggestion to the HOA board?,General Inquiry
Unapproved pet over weight limit seen at unit 602.,Rule Violation Report
I need to update my payment method on file.,Dues & Payment
I feel the recent rule change was not communicated properly.,Complaint / Dispute
Can I get a receipt for my last payment of unit 153?,Dues & Payment
I would like to set up automatic payment for my monthly dues.,Dues & Payment
Commercial vehicle parked in residential spot near unit 383.,Rule Violation Report
commercial vehicle parked in residential spot near unit 551.,Rule Violation Report
smoking in non-designated area near building 523.,Rule Violation Report
I want to schedule the pool area for a private event.,Amenity Booking
Can I book the rooftop lounge for a small gathering?,Amenity Booking
can i book the rooftop lounge for a small gathering?,Amenity Booking
CAN I BOOK THE BBQ AREA NEAR POOL 441 FOR THIS WEEKEND?,Amenity Booking
Air conditioning in common area 169 is not cooling properly.,Maintenance Request
can i get a receipt for my last payment of unit 668?,Dues & Payment
Fence along property line 470 has fallen over.,Maintenance Request
I want to schedule the pool area for a private event.,Amenity Booking
The street light outside unit 334 has been out for a week.,Maintenance Request
I HAVEN'T RECEIVED MY INVOICE FOR THIS QUARTER YET.,Dues & Payment
The street light outside unit 720 has been out for a week.,Maintenance Request
Pool pump at amenity area 671 stopped working.,Maintenance Request
My neighbor at unit 268 is parking in a handicap spot without a permit.,Rule Violation Report
fence along property line 374 has fallen over.,Maintenance Request
I want to schedule the pool area for a private event.,Amenity Booking
What recycling guidelines does our community follow?,General Inquiry
Fence along property line 354 has fallen over.,Maintenance Request
Resident at unit 920 has installed an unauthorized satellite dish.,Rule Violation Report
i need to reserve the community room for a meeting next tuesday.,Amenity Booking
How do I obtain a copy of the community rules and regulations?,General Inquiry
Is there a community newsletter I can subscribe to?,General Inquiry
I would like to set up automatic payment for my monthly dues.,Dues & Payment
Can I book the rooftop lounge for a small gathering?,Amenity Booking
I haven't received my invoice for this quarter yet.,Dues & Payment
I believe I was double charged for unit 357 this month.,Dues & Payment
can i get a receipt for my last payment of unit 411?,Dues & Payment
Commercial vehicle parked in residential spot near unit 458.,Rule Violation Report
Can I book the rooftop lounge for a small gathering?,Amenity Booking
Please reserve the gym for a group fitness session on Friday.,Amenity Booking
Pool pump at amenity area 430 stopped working.,Maintenance Request
i believe i was double charged for unit 705 this month.,Dues & Payment
i need to update my payment method on file.,Dues & Payment
can i get a receipt for my last payment of unit 224?,Dues & Payment
i disagree with the decision made about unit 191 modification.,Complaint / Dispute
Fence along property line 780 has fallen over.,Maintenance Request
Please confirm my account balance for unit 708.,Dues & Payment
The street light outside unit 806 has been out for a week.,Maintenance Request
i'd like to reserve the clubhouse for a birthday party on saturday.,Amenity Booking
Is the tennis court near area 988 available this Sunday morning?,Amenity Booking
please reserve the gym for a group fitness session on friday.,Amenity Booking
What are the office hours for the HOA management team?,General Inquiry
THE CONTRACTOR HIRED BY HOA DAMAGED MY PROPERTY AT UNIT 978.,Complaint / Dispute
My neighbor at unit 469 is parking in a handicap spot without a permit.,Rule Violation Report
Commercial vehicle parked in residential spot near unit 704.,Rule Violation Report
The parking lot lights in section 324 are not working.,Maintenance Request
When is the deadline for annual assessment payment?,Dues & Payment
The street light outside unit 723 has been out for a week.,Maintenance Request
I FEEL THE RECENT RULE CHANGE WAS NOT COMMUNICATED PROPERLY.,Complaint / Dispute
The parking lot lights in section 645 are not working.,Maintenance Request
I want to schedule the pool area for a private event.,Amenity Booking
My neighbor at unit 140 is parking in a handicap spot without a permit.,Rule Violation Report
Air conditioning in common area 629 is not cooling properly.,Maintenance Request
Broken gate at entrance 692 needs urgent repair.,Maintenance Request
Broken gate at entrance 975 needs urgent repair.,Maintenance Request
There is unauthorized construction happening at unit 752.,Rule Violation Report
How do I submit a suggestion to the HOA board?,General Inquiry
Please reserve the gym for a group fitness session on Friday.,Amenity Booking
I need to update my payment method on file.,Dues & Payment
Can I book the rooftop lounge for a small gathering?,Amenity Booking
i need to reserve the community room for a meeting next tuesday.,Amenity Booking
I want to appeal the architectural review board decision.,Complaint / Dispute
The parking lot lights in section 873 are not working.,Maintenance Request
I am disputing the fine I received for unit 105 last month.,Complaint / Dispute
I need to update my payment method on file.,Dues & Payment
I'D LIKE TO RESERVE THE CLUBHOUSE FOR A BIRTHDAY PARTY ON SATURDAY.,Amenity Booking
Fence along property line 679 has fallen over.,Maintenance Request
I need to reserve the community room for a meeting next Tuesday.,Amenity Booking
I would like to set up automatic payment for my monthly dues.,Dues & Payment
Can I book the rooftop lounge for a small gathering?,Amenity Booking
Loud music from unit 833 after quiet hours.,Rule Violation Report
Resident at unit 779 has installed an unauthorized satellite dish.,Rule Violation Report
the elevator in block 397 is making a loud noise.,Maintenance Request
My neighbor at unit 324 is parking in a handicap spot without a permit.,Rule Violation Report
How do I submit a suggestion to the HOA board?,General Inquiry
There is unauthorized construction happening at unit 144.,Rule Violation Report
What is the process for getting a parking permit for unit 444?,General Inquiry
I need to update my payment method on file.,Dues & Payment
Where can I find information about the upcoming board meeting?,General Inquiry
The contractor hired by HOA damaged my property at unit 478.,Complaint / Dispute
I haven't received my invoice for this quarter yet.,Dues & Payment
Please reserve the gym for a group fitness session on Friday.,Amenity Booking
How do I book a guest parking spot for the weekend?,Amenity Booking
Smoking in non-designated area near building 884.,Rule Violation Report
The elevator in block 653 is making a loud noise.,Maintenance Request
when is the deadline for annual assessment payment?,Dues & Payment
I would like to set up automatic payment for my monthly dues.,Dues & Payment
i disagree with the decision made about unit 911 modification.,Complaint / Dispute
Pool pump at amenity area 823 stopped working.,Maintenance Request
Fence along property line 946 has fallen over.,Maintenance Request
The parking lot lights in section 884 are not working.,Maintenance Request
When is the deadline for annual assessment payment?,Dues & Payment
There is a water leak in the common hallway near building 803.,Maintenance Request
i haven't received my invoice for this quarter yet.,Dues & Payment
There is a water leak in the common hallway near building 146.,Maintenance Request
pool pump at amenity area 705 stopped working.,Maintenance Request
I need to update my payment method on file.,Dues & Payment
Pool pump at amenity area 940 stopped working.,Maintenance Request
I WAS UNFAIRLY CHARGED A LATE FEE FOR MY PAYMENT.,Complaint / Dispute
There is unauthorized construction happening at unit 667.,Rule Violation Report
Air conditioning in common area 230 is not cooling properly.,Maintenance Request
I feel the recent rule change was not communicated properly.,Complaint / Dispute
how do i book a guest parking spot for the weekend?,Amenity Booking
There is unauthorized construction happening at unit 802.,Rule Violation Report
I was unfairly charged a late fee for my payment.,Complaint / Dispute
The street light outside unit 883 has been out for a week.,Maintenance Request
how do i submit a suggestion to the hoa board?,General Inquiry
the parking lot lights in section 831 are not working.,Maintenance Request
The street light outside unit 176 has been out for a week.,Maintenance Request
Smoking in non-designated area near building 260.,Rule Violation Report
How do I submit a suggestion to the HOA board?,General Inquiry
There is a water leak in the common hallway near building 959.,Maintenance Request
A resident at building 656 is storing items in the common hallway.,Rule Violation Report
FENCE ALONG PROPERTY LINE 412 HAS FALLEN OVER.,Maintenance Request
When is the deadline for annual assessment payment?,Dues & Payment
I am disputing the fine I received for unit 351 last month.,Complaint / Dispute
Fence along property line 973 has fallen over.,Maintenance Request
Fence along property line 404 has fallen over.,Maintenance Request
Is the tennis court near area 887 available this Sunday morning?,Amenity Booking
A resident at building 594 is storing items in the common hallway.,Rule Violation Report
i am disputing the fine i received for unit 625 last month.,Complaint / Dispute
I HAVEN'T RECEIVED MY INVOICE FOR THIS QUARTER YET.,Dues & Payment
Can I book the BBQ area near pool 311 for this weekend?,Amenity Booking
i need to reserve the community room for a meeting next tuesday.,Amenity Booking
How do I submit a suggestion to the HOA board?,General Inquiry
Broken gate at entrance 279 needs urgent repair.,Maintenance Request
There is a water leak in the common hallway near building 187.,Maintenance Request
Please reserve the gym for a group fitness session on Friday.,Amenity Booking
A resident at building 405 is storing items in the common hallway.,Rule Violation Report
I would like to set up automatic payment for my monthly dues.,Dues & Payment
The parking lot lights in section 776 are not working.,Maintenance Request
Where can I find information about the upcoming board meeting?,General Inquiry
There is a water leak in the common hallway near building 991.,Maintenance Request
unapproved pet over weight limit seen at unit 641.,Rule Violation Report
There is a water leak in the common hallway near building 881.,Maintenance Request
The elevator in block 102 is making a loud noise.,Maintenance Request
Smoking in non-designated area near building 204.,Rule Violation Report
The street light outside unit 466 has been out for a week.,Maintenance Request
I need to update my payment method on file.,Dues & Payment
The board meeting minutes do not reflect what was discussed.,Complaint / Dispute
There is unauthorized construction happening at unit 195.,Rule Violation Report
When is the deadline for annual assessment payment?,Dues & Payment
is there a payment plan available for overdue balances?,Dues & Payment
I disagree with the decision made about unit 891 modification.,Complaint / Dispute
pool pump at amenity area 806 stopped working.,Maintenance Request
There is unauthorized construction happening at unit 203.,Rule Violation Report
I haven't received my invoice for this quarter yet.,Dues & Payment
SMOKING IN NON-DESIGNATED AREA NEAR BUILDING 449.,Rule Violation Report
How do I submit a suggestion to the HOA board?,General Inquiry
resident at unit 788 has installed an unauthorized satellite dish.,Rule Violation Report
when is the deadline for annual assessment payment?,Dues & Payment
Fence along property line 358 has fallen over.,Maintenance Request
When is the deadline for annual assessment payment?,Dues & Payment
Broken gate at entrance 609 needs urgent repair.,Maintenance Request
how do i submit a suggestion to the hoa board?,General Inquiry
How do I obtain a copy of the community rules and regulations?,General Inquiry
pool pump at amenity area 549 stopped working.,Maintenance Request
Air conditioning in common area 392 is not cooling properly.,Maintenance Request
Is there a payment plan available for overdue balances?,Dues & Payment
The elevator in block 170 is making a loud noise.,Maintenance Request
There is unauthorized construction happening at unit 113.,Rule Violation Report
i want to schedule the pool area for a private event.,Amenity Booking
Commercial vehicle parked in residential spot near unit 915.,Rule Violation Report
I am disputing the fine I received for unit 961 last month.,Complaint / Dispute
Can I book the rooftop lounge for a small gathering?,Amenity Booking
IS THERE A COMMUNITY NEWSLETTER I CAN SUBSCRIBE TO?,General Inquiry
Unapproved pet over weight limit seen at unit 951.,Rule Violation Report
There is a water leak in the common hallway near building 426.,Maintenance Request
Broken gate at entrance 897 needs urgent repair.,Maintenance Request
Broken gate at entrance 960 needs urgent repair.,Maintenance Request
Smoking in non-designated area near building 460.,Rule Violation Report
Please confirm my account balance for unit 879.,Dues & Payment
Can I get a receipt for my last payment of unit 240?,Dues & Payment
A RESIDENT AT BUILDING 891 IS STORING ITEMS IN THE COMMON HALLWAY.,Rule Violation Report
when is the deadline for annual assessment payment?,Dues & Payment
Pool pump at amenity area 508 stopped working.,Maintenance Request
Commercial vehicle parked in residential spot near unit 936.,Rule Violation Report
I am disputing the fine I received for unit 510 last month.,Complaint / Dispute
i believe i was double charged for unit 424 this month.,Dues & Payment
I was unfairly charged a late fee for my payment.,Complaint / Dispute
I haven't received my invoice for this quarter yet.,Dues & Payment
What are the office hours for the HOA management team?,General Inquiry
i haven't received my invoice for this quarter yet.,Dues & Payment
I need to reserve the community room for a meeting next Tuesday.,Amenity Booking
Please confirm my account balance for unit 100.,Dues & Payment
Please confirm my account balance for unit 193.,Dues & Payment
Is there a payment plan available for overdue balances?,Dues & Payment
My neighbor at unit 998 is parking in a handicap spot without a permit.,Rule Violation Report
Air conditioning in common area 965 is not cooling properly.,Maintenance Request
The board meeting minutes do not reflect what was discussed.,Complaint / Dispute
Can I get a receipt for my last payment of unit 316?,Dues & Payment
Is there a payment plan available for overdue balances?,Dues & Payment
I haven't received my invoice for this quarter yet.,Dues & Payment
When is the deadline for annual assessment payment?,Dues & Payment
Can I get a receipt for my last payment of unit 316?,Dues & Payment
i haven't received my invoice for this quarter yet.,Dues & Payment
The board meeting minutes do not reflect what was discussed.,Complaint / Dispute
The parking lot lights in section 741 are not working.,Maintenance Request
Air conditioning in common area 106 is not cooling properly.,Maintenance Request
what recycling guidelines does our community follow?,General Inquiry
The board meeting minutes do not reflect what was discussed.,Complaint / Dispute
Can I get a receipt for my last payment of unit 439?,Dues & Payment
there is a water leak in the common hallway near building 241.,Maintenance Request
Resident at unit 904 has installed an unauthorized satellite dish.,Rule Violation Report
there is a water leak in the common hallway near building 446.,Maintenance Request
I was unfairly charged a late fee for my payment.,Complaint / Dispute
I'd like to reserve the clubhouse for a birthday party on Saturday.,Amenity Booking
Where can I find information about the upcoming board meeting?,General Inquiry
unapproved pet over weight limit seen at unit 522.,Rule Violation Report
UNAPPROVED PET OVER WEIGHT LIMIT SEEN AT UNIT 936.,Rule Violation Report
there is a water leak in the common hallway near building 295.,Maintenance Request
I would like to set up automatic payment for my monthly dues.,Dues & Payment
Please confirm my account balance for unit 916.,Dues & Payment
Commercial vehicle parked in residential spot near unit 728.,Rule Violation Report
I need to update my payment method on file.,Dues & Payment
There is unauthorized construction happening at unit 491.,Rule Violation Report
the parking lot lights in section 528 are not working.,Maintenance Request
Can I get a receipt for my last payment of unit 497?,Dues & Payment
The street light outside unit 711 has been out for a week.,Maintenance Request
Pool pump at amenity area 492 stopped working.,Maintenance Request
Can I book the rooftop lounge for a small gathering?,Amenity Booking
There is a water leak in the common hallway near building 576.,Maintenance Request
How do I book a guest parking spot for the weekend?,Amenity Booking
the elevator in block 774 is making a loud noise.,Maintenance Request
Fence along property line 985 has fallen over.,Maintenance Request
Can I get a receipt for my last payment of unit 438?,Dues & Payment
There is unauthorized construction happening at unit 902.,Rule Violation Report
there is a water leak in the common hallway near building 951.,Maintenance Request
The street light outside unit 923 has been out for a week.,Maintenance Request
The parking lot lights in section 385 are not working.,Maintenance Request
air conditioning in common area 955 is not cooling properly.,Maintenance Request
A RESIDENT AT BUILDING 762 IS STORING ITEMS IN THE COMMON HALLWAY.,Rule Violation Report
The elevator in block 114 is making a loud noise.,Maintenance Request
How do I book a guest parking spot for the weekend?,Amenity Booking
the elevator in block 742 is making a loud noise.,Maintenance Request
I'd like to reserve the clubhouse for a birthday party on Saturday.,Amenity Booking
Commercial vehicle parked in residential spot near unit 294.,Rule Violation Report
Air conditioning in common area 583 is not cooling properly.,Maintenance Request
Smoking in non-designated area near building 438.,Rule Violation Report
Pool pump at amenity area 459 stopped working.,Maintenance Request
Broken gate at entrance 995 needs urgent repair.,Maintenance Request
A resident at building 852 is storing items in the common hallway.,Rule Violation Report
i feel the recent rule change was not communicated properly.,Complaint / Dispute
There is unauthorized construction happening at unit 879.,Rule Violation Report
I DISAGREE WITH THE DECISION MADE ABOUT UNIT 853 MODIFICATION.,Complaint / Dispute
Unapproved pet over weight limit seen at unit 719.,Rule Violation Report
There is a water leak in the common hallway near building 896.,Maintenance Request
The parking lot lights in section 283 are not working.,Maintenance Request
a resident at building 291 is storing items in the common hallway.,Rule Violation Report
How do I book a guest parking spot for the weekend?,Amenity Booking
I NEED TO RESERVE THE COMMUNITY ROOM FOR A MEETING NEXT TUESDAY.,Amenity Booking
Please confirm my account balance for unit 219.,Dues & Payment
can i get a receipt for my last payment of unit 164?,Dues & Payment
THE STREET LIGHT OUTSIDE UNIT 499 HAS BEEN OUT FOR A WEEK.,Maintenance Request
I want to schedule the pool area for a private event.,Amenity Booking
A RESIDENT AT BUILDING 192 IS STORING ITEMS IN THE COMMON HALLWAY.,Rule Violation Report
Can I get a receipt for my last payment of unit 202?,Dues & Payment
I'd like to reserve the clubhouse for a birthday party on Saturday.,Amenity Booking
CAN I BOOK THE BBQ AREA NEAR POOL 104 FOR THIS WEEKEND?,Amenity Booking
I'd like to reserve the clubhouse for a birthday party on Saturday.,Amenity Booking
is the tennis court near area 636 available this sunday morning?,Amenity Booking
how do i obtain a copy of the community rules and regulations?,General Inquiry
Commercial vehicle parked in residential spot near unit 543.,Rule Violation Report
Unapproved pet over weight limit seen at unit 279.,Rule Violation Report
My neighbor at unit 805 is parking in a handicap spot without a permit.,Rule Violation Report
A RESIDENT AT BUILDING 755 IS STORING ITEMS IN THE COMMON HALLWAY.,Rule Violation Report
The street light outside unit 193 has been out for a week.,Maintenance Request
There is a water leak in the common hallway near building 915.,Maintenance Request
IS THERE A PAYMENT PLAN AVAILABLE FOR OVERDUE BALANCES?,Dues & Payment
Who do I contact for after-hours emergencies?,General Inquiry
What are the office hours for the HOA management team?,General Inquiry
My neighbor's tree is dropping leaves into my patio at unit 684.,Complaint / Dispute
smoking in non-designated area near building 952.,Rule Violation Report
The elevator in block 848 is making a loud noise.,Maintenance Request
Pool pump at amenity area 864 stopped working.,Maintenance Request
Is there a community newsletter I can subscribe to?,General Inquiry
when is the deadline for annual assessment payment?,Dues & Payment
I need to update my payment method on file.,Dues & Payment
Pool pump at amenity area 754 stopped working.,Maintenance Request
smoking in non-designated area near building 741.,Rule Violation Report
Is the tennis court near area 522 available this Sunday morning?,Amenity Booking
i disagree with the decision made about unit 522 modification.,Complaint / Dispute
what are the office hours for the hoa management team?,General Inquiry
I believe I was double charged for unit 679 this month.,Dues & Payment
Unapproved pet over weight limit seen at unit 997.,Rule Violation Report
I haven't received my invoice for this quarter yet.,Dues & Payment
The elevator in block 838 is making a loud noise.,Maintenance Request
Please confirm my account balance for unit 157.,Dues & Payment
Broken gate at entrance 835 needs urgent repair.,Maintenance Request
Pool pump at amenity area 689 stopped working.,Maintenance Request
I'd like to reserve the clubhouse for a birthday party on Saturday.,Amenity Booking
I would like to set up automatic payment for my monthly dues.,Dues & Payment
I would like to set up automatic payment for my monthly dues.,Dues & Payment
there is unauthorized construction happening at unit 142.,Rule Violation Report
I feel the recent rule change was not communicated properly.,Complaint / Dispute
The parking lot lights in section 195 are not working.,Maintenance Request
Can I book the BBQ area near pool 172 for this weekend?,Amenity Booking
pool pump at amenity area 950 stopped working.,Maintenance Request
Unapproved pet over weight limit seen at unit 478.,Rule Violation Report
There is unauthorized construction happening at unit 884.,Rule Violation Report
What recycling guidelines does our community follow?,General Inquiry
i want to appeal the architectural review board decision.,Complaint / Dispute
I HAVEN'T RECEIVED MY INVOICE FOR THIS QUARTER YET.,Dues & Payment
I would like to set up automatic payment for my monthly dues.,Dues & Payment
When is the deadline for annual assessment payment?,Dues & Payment
I believe I was double charged for unit 550 this month.,Dues & Payment
MY NEIGHBOR AT UNIT 468 IS PARKING IN A HANDICAP SPOT WITHOUT A PERMIT.,Rule Violation Report
The parking lot lights in section 317 are not working.,Maintenance Request
the street light outside unit 234 has been out for a week.,Maintenance Request
Can I book the rooftop lounge for a small gathering?,Amenity Booking
Can I get a receipt for my last payment of unit 756?,Dues & Payment
The parking lot lights in section 696 are not working.,Maintenance Request
Air conditioning in common area 202 is not cooling properly.,Maintenance Request
Is there a payment plan available for overdue balances?,Dues & Payment
I'd like to reserve the clubhouse for a birthday party on Saturday.,Amenity Booking
can i get a receipt for my last payment of unit 384?,Dues & Payment
pool pump at amenity area 505 stopped working.,Maintenance Request
Fence along property line 238 has fallen over.,Maintenance Request
how do i book a guest parking spot for the weekend?,Amenity Booking
pool pump at amenity area 302 stopped working.,Maintenance Request
Can I get a receipt for my last payment of unit 649?,Dues & Payment
Broken gate at entrance 599 needs urgent repair.,Maintenance Request
Please confirm my account balance for unit 455.,Dues & Payment
my neighbor at unit 306 is parking in a handicap spot without a permit.,Rule Violation Report
Air conditioning in common area 951 is not cooling properly.,Maintenance Request
I need to reserve the community room for a meeting next Tuesday.,Amenity Booking
Loud music from unit 866 after quiet hours.,Rule Violation Report
I'd like to reserve the clubhouse for a birthday party on Saturday.,Amenity Booking
Pool pump at amenity area 766 stopped working.,Maintenance Request
I HAVEN'T RECEIVED MY INVOICE FOR THIS QUARTER YET.,Dues & Payment
How do I obtain a copy of the community rules and regulations?,General Inquiry
i need to update my payment method on file.,Dues & Payment
What are the office hours for the HOA management team?,General Inquiry
THERE IS UNAUTHORIZED CONSTRUCTION HAPPENING AT UNIT 125.,Rule Violation Report
Pool pump at amenity area 330 stopped working.,Maintenance Request
the parking lot lights in section 691 are not working.,Maintenance Request
A resident at building 705 is storing items in the common hallway.,Rule Violation Report
is there a payment plan available for overdue balances?,Dues & Payment
What recycling guidelines does our community follow?,General Inquiry
A resident at building 452 is storing items in the common hallway.,Rule Violation Report
I want to appeal the architectural review board decision.,Complaint / Dispute
smoking in non-designated area near building 598.,Rule Violation Report
How do I submit a suggestion to the HOA board?,General Inquiry
I would like to set up automatic payment for my monthly dues.,Dues & Payment
Please confirm my account balance for unit 415.,Dues & Payment
The street light outside unit 423 has been out for a week.,Maintenance Request
The elevator in block 851 is making a loud noise.,Maintenance Request
Can I get a receipt for my last payment of unit 456?,Dues & Payment
how do i book a guest parking spot for the weekend?,Amenity Booking
How do I book a guest parking spot for the weekend?,Amenity Booking
Smoking in non-designated area near building 888.,Rule Violation Report
I believe I was double charged for unit 645 this month.,Dues & Payment
Smoking in non-designated area near building 190.,Rule Violation Report
There is a water leak in the common hallway near building 228.,Maintenance Request
a resident at building 140 is storing items in the common hallway.,Rule Violation Report
I believe I was double charged for unit 335 this month.,Dues & Payment
The elevator in block 516 is making a loud noise.,Maintenance Request
the elevator in block 441 is making a loud noise.,Maintenance Request
Unapproved pet over weight limit seen at unit 998.,Rule Violation Report
Pool pump at amenity area 889 stopped working.,Maintenance Request
A resident at building 875 is storing items in the common hallway.,Rule Violation Report
I disagree with the decision made about unit 194 modification.,Complaint / Dispute
Air conditioning in common area 220 is not cooling properly.,Maintenance Request
loud music from unit 729 after quiet hours.,Rule Violation Report
broken gate at entrance 763 needs urgent repair.,Maintenance Request
How do I book a guest parking spot for the weekend?,Amenity Booking
I'd like to reserve the clubhouse for a birthday party on Saturday.,Amenity Booking
There is unauthorized construction happening at unit 197.,Rule Violation Report
I disagree with the decision made about unit 402 modification.,Complaint / Dispute
Smoking in non-designated area near building 819.,Rule Violation Report
MY NEIGHBOR'S TREE IS DROPPING LEAVES INTO MY PATIO AT UNIT 706.,Complaint / Dispute
Fence along property line 101 has fallen over.,Maintenance Request
can i book the bbq area near pool 718 for this weekend?,Amenity Booking
a resident at building 995 is storing items in the common hallway.,Rule Violation Report
I believe I was double charged for unit 711 this month.,Dues & Payment
Unapproved pet over weight limit seen at unit 963.,Rule Violation Report
A resident at building 615 is storing items in the common hallway.,Rule Violation Report
there is a water leak in the common hallway near building 562.,Maintenance Request
Fence along property line 193 has fallen over.,Maintenance Request
broken gate at entrance 928 needs urgent repair.,Maintenance Request
I need to reserve the community room for a meeting next Tuesday.,Amenity Booking
I believe I was double charged for unit 398 this month.,Dues & Payment
who do i contact for after-hours emergencies?,General Inquiry
I'd like to reserve the clubhouse for a birthday party on Saturday.,Amenity Booking
Loud music from unit 964 after quiet hours.,Rule Violation Report
There is unauthorized construction happening at unit 629.,Rule Violation Report
Can I get a receipt for my last payment of unit 474?,Dues & Payment
MY NEIGHBOR'S TREE IS DROPPING LEAVES INTO MY PATIO AT UNIT 957.,Complaint / Dispute
Broken gate at entrance 576 needs urgent repair.,Maintenance Request
Unapproved pet over weight limit seen at unit 307.,Rule Violation Report
My neighbor at unit 629 is parking in a handicap spot without a permit.,Rule Violation Report
there is unauthorized construction happening at unit 632.,Rule Violation Report
i want to appeal the architectural review board decision.,Complaint / Dispute
loud music from unit 201 after quiet hours.,Rule Violation Report
fence along property line 160 has fallen over.,Maintenance Request
is there a payment plan available for overdue balances?,Dues & Payment
Unapproved pet over weight limit seen at unit 391.,Rule Violation Report
FENCE ALONG PROPERTY LINE 482 HAS FALLEN OVER.,Maintenance Request
resident at unit 213 has installed an unauthorized satellite dish.,Rule Violation Report
I believe I was double charged for unit 820 this month.,Dues & Payment
Smoking in non-designated area near building 238.,Rule Violation Report
Where can I find information about the upcoming board meeting?,General Inquiry
I'd like to reserve the clubhouse for a birthday party on Saturday.,Amenity Booking
Please confirm my account balance for unit 980.,Dues & Payment
Smoking in non-designated area near building 312.,Rule Violation Report
HOW DO I SUBMIT A SUGGESTION TO THE HOA BOARD?,General Inquiry
I need to update my payment method on file.,Dues & Payment
the street light outside unit 872 has been out for a week.,Maintenance Request
the elevator in block 258 is making a loud noise.,Maintenance Request
Air conditioning in common area 590 is not cooling properly.,Maintenance Request
when is the deadline for annual assessment payment?,Dues & Payment
Air conditioning in common area 126 is not cooling properly.,Maintenance Request
When is the deadline for annual assessment payment?,Dues & Payment
Unapproved pet over weight limit seen at unit 468.,Rule Violation Report
Smoking in non-designated area near building 899.,Rule Violation Report
My neighbor's tree is dropping leaves into my patio at unit 749.,Complaint / Dispute
please confirm my account balance for unit 138.,Dues & Payment
There is unauthorized construction happening at unit 222.,Rule Violation Report
Is there a community newsletter I can subscribe to?,General Inquiry
The street light outside unit 195 has been out for a week.,Maintenance Request
What is the process for getting a parking permit for unit 705?,General Inquiry
is there a payment plan available for overdue balances?,Dues & Payment
I was unfairly charged a late fee for my payment.,Complaint / Dispute
When is the deadline for annual assessment payment?,Dues & Payment
THE STREET LIGHT OUTSIDE UNIT 458 HAS BEEN OUT FOR A WEEK.,Maintenance Request
What are the office hours for the HOA management team?,General Inquiry
Air conditioning in common area 339 is not cooling properly.,Maintenance Request
Broken gate at entrance 304 needs urgent repair.,Maintenance Request
How do I book a guest parking spot for the weekend?,Amenity Booking
Who do I contact for after-hours emergencies?,General Inquiry
Resident at unit 497 has installed an unauthorized satellite dish.,Rule Violation Report
i would like to set up automatic payment for my monthly dues.,Dues & Payment
What recycling guidelines does our community follow?,General Inquiry
Is the tennis court near area 894 available this Sunday morning?,Amenity Booking
When is the deadline for annual assessment payment?,Dues & Payment
The street light outside unit 498 has been out for a week.,Maintenance Request
The contractor hired by HOA damaged my property at unit 121.,Complaint / Dispute
Please confirm my account balance for unit 246.,Dues & Payment
Commercial vehicle parked in residential spot near unit 773.,Rule Violation Report
I want to schedule the pool area for a private event.,Amenity Booking
i believe i was double charged for unit 154 this month.,Dues & Payment
can i get a receipt for my last payment of unit 818?,Dues & Payment
There is unauthorized construction happening at unit 623.,Rule Violation Report
How do I submit a suggestion to the HOA board?,General Inquiry
Commercial vehicle parked in residential spot near unit 472.,Rule Violation Report
When is the deadline for annual assessment payment?,Dues & Payment
I'd like to reserve the clubhouse for a birthday party on Saturday.,Amenity Booking
I would like to set up automatic payment for my monthly dues.,Dues & Payment
The elevator in block 861 is making a loud noise.,Maintenance Request
I need to reserve the community room for a meeting next Tuesday.,Amenity Booking
Broken gate at entrance 833 needs urgent repair.,Maintenance Request
How do I book a guest parking spot for the weekend?,Amenity Booking
I'd like to reserve the clubhouse for a birthday party on Saturday.,Amenity Booking
Can I get a receipt for my last payment of unit 131?,Dues & Payment
I would like to set up automatic payment for my monthly dues.,Dues & Payment
Pool pump at amenity area 332 stopped working.,Maintenance Request
A resident at building 485 is storing items in the common hallway.,Rule Violation Report
I would like to set up automatic payment for my monthly dues.,Dues & Payment
Who do I contact for after-hours emergencies?,General Inquiry
There is unauthorized construction happening at unit 341.,Rule Violation Report
I believe I was double charged for unit 120 this month.,Dues & Payment
There is a water leak in the common hallway near building 619.,Maintenance Request
Is there a community newsletter I can subscribe to?,General Inquiry
Can I book the BBQ area near pool 653 for this weekend?,Amenity Booking
When is the deadline for annual assessment payment?,Dues & Payment
What are the office hours for the HOA management team?,General Inquiry
My neighbor at unit 420 is parking in a handicap spot without a permit.,Rule Violation Report
the street light outside unit 719 has been out for a week.,Maintenance Request
Where can I find information about the upcoming board meeting?,General Inquiry
Resident at unit 974 has installed an unauthorized satellite dish.,Rule Violation Report
I was unfairly charged a late fee for my payment.,Complaint / Dispute
When is the deadline for annual assessment payment?,Dues & Payment
Resident at unit 924 has installed an unauthorized satellite dish.,Rule Violation Report
I was unfairly charged a late fee for my payment.,Complaint / Dispute
How do I obtain a copy of the community rules and regulations?,General Inquiry
the street light outside unit 732 has been out for a week.,Maintenance Request
I haven't received my invoice for this quarter yet.,Dues & Payment
Commercial vehicle parked in residential spot near unit 948.,Rule Violation Report
What are the office hours for the HOA management team?,General Inquiry
i am disputing the fine i received for unit 694 last month.,Complaint / Dispute
The parking lot lights in section 984 are not working.,Maintenance Request
The street light outside unit 745 has been out for a week.,Maintenance Request
I believe I was double charged for unit 600 this month.,Dues & Payment
Can I get a receipt for my last payment of unit 184?,Dues & Payment
Air conditioning in common area 711 is not cooling properly.,Maintenance Request
I believe I was double charged for unit 818 this month.,Dues & Payment
The street light outside unit 279 has been out for a week.,Maintenance Request
How do I obtain a copy of the community rules and regulations?,General Inquiry
Commercial vehicle parked in residential spot near unit 616.,Rule Violation Report
fence along property line 690 has fallen over.,Maintenance Request
Please confirm my account balance for unit 787.,Dues & Payment
The street light outside unit 977 has been out for a week.,Maintenance Request
What are the office hours for the HOA management team?,General Inquiry
HOW DO I SUBMIT A SUGGESTION TO THE HOA BOARD?,General Inquiry
What are the office hours for the HOA management team?,General Inquiry
WHAT IS THE PROCESS FOR GETTING A PARKING PERMIT FOR UNIT 484?,General Inquiry
My neighbor at unit 666 is parking in a handicap spot without a permit.,Rule Violation Report
I would like to set up automatic payment for my monthly dues.,Dues & Payment
how do i submit a suggestion to the hoa board?,General Inquiry
I believe I was double charged for unit 711 this month.,Dues & Payment
I was unfairly charged a late fee for my payment.,Complaint / Dispute
The street light outside unit 542 has been out for a week.,Maintenance Request
fence along property line 810 has fallen over.,Maintenance Request
Can I book the BBQ area near pool 124 for this weekend?,Amenity Booking
air conditioning in common area 304 is not cooling properly.,Maintenance Request
Unapproved pet over weight limit seen at unit 810.,Rule Violation Report
Smoking in non-designated area near building 568.,Rule Violation Report
The street light outside unit 103 has been out for a week.,Maintenance Request
When is the deadline for annual assessment payment?,Dues & Payment
What recycling guidelines does our community follow?,General Inquiry
How do I book a guest parking spot for the weekend?,Amenity Booking
Fence along property line 561 has fallen over.,Maintenance Request
Resident at unit 531 has installed an unauthorized satellite dish.,Rule Violation Report
There is a water leak in the common hallway near building 491.,Maintenance Request
Is there a community newsletter I can subscribe to?,General Inquiry
i need to reserve the community room for a meeting next tuesday.,Amenity Booking
I need to update my payment method on file.,Dues & Payment
What is the process for getting a parking permit for unit 838?,General Inquiry
Can I get a receipt for my last payment of unit 223?,Dues & Payment
fence along property line 841 has fallen over.,Maintenance Request
how do i book a guest parking spot for the weekend?,Amenity Booking
When is the deadline for annual assessment payment?,Dues & Payment
the parking lot lights in section 391 are not working.,Maintenance Request
my neighbor at unit 630 is parking in a handicap spot without a permit.,Rule Violation Report
How do I submit a suggestion to the HOA board?,General Inquiry
The elevator in block 912 is making a loud noise.,Maintenance Request
Air conditioning in common area 577 is not cooling properly.,Maintenance Request
There is unauthorized construction happening at unit 228.,Rule Violation Report
My neighbor at unit 854 is parking in a handicap spot without a permit.,Rule Violation Report
I haven't received my invoice for this quarter yet.,Dues & Payment
A RESIDENT AT BUILDING 832 IS STORING ITEMS IN THE COMMON HALLWAY.,Rule Violation Report
The street light outside unit 560 has been out for a week.,Maintenance Request
is the tennis court near area 279 available this sunday morning?,Amenity Booking
the parking lot lights in section 540 are not working.,Maintenance Request
I am disputing the fine I received for unit 807 last month.,Complaint / Dispute
I BELIEVE I WAS DOUBLE CHARGED FOR UNIT 270 THIS MONTH.,Dues & Payment
Resident at unit 598 has installed an unauthorized satellite dish.,Rule Violation Report
When is the deadline for annual assessment payment?,Dues & Payment
Pool pump at amenity area 887 stopped working.,Maintenance Request
I'd like to reserve the clubhouse for a birthday party on Saturday.,Amenity Booking
The parking lot lights in section 691 are not working.,Maintenance Request
Broken gate at entrance 408 needs urgent repair.,Maintenance Request
The elevator in block 519 is making a loud noise.,Maintenance Request
There is unauthorized construction happening at unit 560.,Rule Violation Report
Can I get a receipt for my last payment of unit 796?,Dues & Payment
I need to reserve the community room for a meeting next Tuesday.,Amenity Booking
WHAT IS THE PROCESS FOR GETTING A PARKING PERMIT FOR UNIT 278?,General Inquiry
Resident at unit 182 has installed an unauthorized satellite dish.,Rule Violation Report
can i book the rooftop lounge for a small gathering?,Amenity Booking
How do I obtain a copy of the community rules and regulations?,General Inquiry
I need to reserve the community room for a meeting next Tuesday.,Amenity Booking
Loud music from unit 428 after quiet hours.,Rule Violation Report
Loud music from unit 488 after quiet hours.,Rule Violation Report
commercial vehicle parked in residential spot near unit 851.,Rule Violation Report
is there a community newsletter i can subscribe to?,General Inquiry
Resident at unit 927 has installed an unauthorized satellite dish.,Rule Violation Report
When is the deadline for annual assessment payment?,Dues & Payment
The street light outside unit 666 has been out for a week.,Maintenance Request
The parking lot lights in section 490 are not working.,Maintenance Request
the elevator in block 380 is making a loud noise.,Maintenance Request
IS THERE A PAYMENT PLAN AVAILABLE FOR OVERDUE BALANCES?,Dues & Payment
Please reserve the gym for a group fitness session on Friday.,Amenity Booking
Pool pump at amenity area 548 stopped working.,Maintenance Request
can i get a receipt for my last payment of unit 870?,Dues & Payment
can i book the rooftop lounge for a small gathering?,Amenity Booking
Where can I find information about the upcoming board meeting?,General Inquiry
The street light outside unit 229 has been out for a week.,Maintenance Request
I would like to set up automatic payment for my monthly dues.,Dues & Payment
Resident at unit 463 has installed an unauthorized satellite dish.,Rule Violation Report
The street light outside unit 877 has been out for a week.,Maintenance Request
Is there a payment plan available for overdue balances?,Dues & Payment
Pool pump at amenity area 175 stopped working.,Maintenance Request
What are the office hours for the HOA management team?,General Inquiry
can i get a receipt for my last payment of unit 730?,Dues & Payment
I need to reserve the community room for a meeting next Tuesday.,Amenity Booking
There is a water leak in the common hallway near building 454.,Maintenance Request
i need to update my payment method on file.,Dues & Payment
The parking lot lights in section 947 are not working.,Maintenance Request
I believe I was double charged for unit 984 this month.,Dues & Payment
Can I get a receipt for my last payment of unit 226?,Dues & Payment
When is the deadline for annual assessment payment?,Dues & Payment
the street light outside unit 620 has been out for a week.,Maintenance Request
Is the tennis court near area 114 available this Sunday morning?,Amenity Booking
the parking lot lights in section 786 are not working.,Maintenance Request
There is unauthorized construction happening at unit 281.,Rule Violation Report
There is a water leak in the common hallway near building 767.,Maintenance Request
Smoking in non-designated area near building 480.,Rule Violation Report
I feel the recent rule change was not communicated properly.,Complaint / Dispute
commercial vehicle parked in residential spot near unit 494.,Rule Violation Report
How do I book a guest parking spot for the weekend?,Amenity Booking
What is the process for getting a parking permit for unit 906?,General Inquiry
A resident at building 671 is storing items in the common hallway.,Rule Violation Report
there is unauthorized construction happening at unit 286.,Rule Violation Report
HOW DO I OBTAIN A COPY OF THE COMMUNITY RULES AND REGULATIONS?,General Inquiry
is there a payment plan available for overdue balances?,Dues & Payment
The street light outside unit 383 has been out for a week.,Maintenance Request
When is the deadline for annual assessment payment?,Dues & Payment
I'd like to reserve the clubhouse for a birthday party on Saturday.,Amenity Booking
The street light outside unit 358 has been out for a week.,Maintenance Request
The parking lot lights in section 923 are not working.,Maintenance Request
the street light outside unit 139 has been out for a week.,Maintenance Request
Fence along property line 237 has fallen over.,Maintenance Request
Fence along property line 114 has fallen over.,Maintenance Request
Pool pump at amenity area 687 stopped working.,Maintenance Request
Fence along property line 265 has fallen over.,Maintenance Request
A resident at building 364 is storing items in the common hallway.,Rule Violation Report
HOW DO I BOOK A GUEST PARKING SPOT FOR THE WEEKEND?,Amenity Booking
I feel the recent rule change was not communicated properly.,Complaint / Dispute
Is there a community newsletter I can subscribe to?,General Inquiry
I feel the recent rule change was not communicated properly.,Complaint / Dispute
i would like to set up automatic payment for my monthly dues.,Dues & Payment
The street light outside unit 389 has been out for a week.,Maintenance Request
There is a water leak in the common hallway near building 385.,Maintenance Request
I'd like to reserve the clubhouse for a birthday party on Saturday.,Amenity Booking
Who do I contact for after-hours emergencies?,General Inquiry
There is a water leak in the common hallway near building 330.,Maintenance Request
Air conditioning in common area 348 is not cooling properly.,Maintenance Request
How do I submit a suggestion to the HOA board?,General Inquiry
Can I get a receipt for my last payment of unit 954?,Dues & Payment
Air conditioning in common area 193 is not cooling properly.,Maintenance Request
Smoking in non-designated area near building 893.,Rule Violation Report
There is a water leak in the common hallway near building 975.,Maintenance Request
Loud music from unit 804 after quiet hours.,Rule Violation Report
the elevator in block 240 is making a loud noise.,Maintenance Request
Please confirm my account balance for unit 288.,Dues & Payment
how do i book a guest parking spot for the weekend?,Amenity Booking
I HAVEN'T RECEIVED MY INVOICE FOR THIS QUARTER YET.,Dues & Payment
Fence along property line 731 has fallen over.,Maintenance Request
My neighbor at unit 304 is parking in a handicap spot without a permit.,Rule Violation Report
THE PARKING LOT LIGHTS IN SECTION 724 ARE NOT WORKING.,Maintenance Request
I believe I was double charged for unit 885 this month.,Dues & Payment
Commercial vehicle parked in residential spot near unit 887.,Rule Violation Report
Can I get a receipt for my last payment of unit 898?,Dues & Payment
I need to update my payment method on file.,Dues & Payment
Air conditioning in common area 476 is not cooling properly.,Maintenance Request
who do i contact for after-hours emergencies?,General Inquiry
AIR CONDITIONING IN COMMON AREA 617 IS NOT COOLING PROPERLY.,Maintenance Request
Unapproved pet over weight limit seen at unit 660.,Rule Violation Report
When is the deadline for annual assessment payment?,Dues & Payment
How do I submit a suggestion to the HOA board?,General Inquiry
The elevator in block 140 is making a loud noise.,Maintenance Request
there is unauthorized construction happening at unit 354.,Rule Violation Report
I need to update my payment method on file.,Dues & Payment
The elevator in block 178 is making a loud noise.,Maintenance Request
unapproved pet over weight limit seen at unit 110.,Rule Violation Report
The elevator in block 379 is making a loud noise.,Maintenance Request
A resident at building 202 is storing items in the common hallway.,Rule Violation Report
commercial vehicle parked in residential spot near unit 955.,Rule Violation Report
fence along property line 279 has fallen over.,Maintenance Request
broken gate at entrance 838 needs urgent repair.,Maintenance Request
Air conditioning in common area 588 is not cooling properly.,Maintenance Request
can i get a receipt for my last payment of unit 846?,Dues & Payment
